{"cameraMode":{"drawMode":0,"name":"Shaded","section":"Shading Mode"},"sceneLighting":true,"audioPlay":false,"sceneViewState":{"showFog":true,"showMaterialUpdate":true,"showSkybox":true,"showFlares":true,"showImageEffects":true,"showParticleSystems":true},"in2DMode":false,"pivot":{"x":409.254150390625,"y":194.426025390625,"z":-223.75344848632813},"rotation":{"x":-0.06260105967521668,"y":0.5364532470703125,"z":-0.03954173997044563,"w":-0.8408530354499817},"size":31.678314208984376,"orthographic":false}