{"cameraMode":{"drawMode":0,"name":"Shaded","section":"Shading Mode"},"sceneLighting":false,"audioPlay":false,"sceneViewState":{"showFog":false,"showMaterialUpdate":false,"showSkybox":false,"showFlares":false,"showImageEffects":false,"showParticleSystems":false},"in2DMode":false,"pivot":{"x":0.6471163034439087,"y":0.8233777284622192,"z":4.486236095428467},"rotation":{"x":0.030111417174339296,"y":0.7295621633529663,"z":-0.03220132738351822,"w":0.6825305223464966},"size":1.6015233993530274,"orthographic":false}