{"cameraMode":{"drawMode":0,"name":"Shaded","section":"Shading Mode"},"sceneLighting":false,"audioPlay":false,"sceneViewState":{"showFog":false,"showMaterialUpdate":false,"showSkybox":false,"showFlares":false,"showImageEffects":false,"showParticleSystems":false},"in2DMode":false,"pivot":{"x":1.2137084007263184,"y":-98.68092346191406,"z":2.706782817840576},"rotation":{"x":-0.031881362199783328,"y":-0.6679862141609192,"z":-0.02868759259581566,"w":0.7429664134979248},"size":2.338341236114502,"orthographic":false}