{"cameraMode":{"drawMode":0,"name":"Shaded","section":"Shading Mode"},"sceneLighting":false,"audioPlay":false,"sceneViewState":{"showFog":false,"showMaterialUpdate":false,"showSkybox":false,"showFlares":false,"showImageEffects":false,"showParticleSystems":false},"in2DMode":false,"pivot":{"x":3.8161263465881349,"y":0.9171380400657654,"z":4.5915117263793949},"rotation":{"x":0.29264819622039797,"y":-0.40164101123809817,"z":0.1371653974056244,"w":0.8568971753120422},"size":1.6902508735656739,"orthographic":false}