{"cameraMode":{"drawMode":0,"name":"Shaded","section":"Shading Mode"},"sceneLighting":false,"audioPlay":false,"sceneViewState":{"showFog":false,"showMaterialUpdate":false,"showSkybox":false,"showFlares":false,"showImageEffects":false,"showParticleSystems":false},"in2DMode":false,"pivot":{"x":0.0001780986785888672,"y":0.831413984298706,"z":0.010429859161376953},"rotation":{"x":0.08214718103408814,"y":-0.7091628909111023,"z":0.0837763324379921,"w":0.6952447891235352},"size":4.439888000488281,"orthographic":false}