{"cameraMode":{"drawMode":0,"name":"Shaded","section":"Shading Mode"},"sceneLighting":false,"audioPlay":false,"sceneViewState":{"showFog":true,"showMaterialUpdate":true,"showSkybox":false,"showFlares":true,"showImageEffects":true,"showParticleSystems":true},"in2DMode":false,"pivot":{"x":2.0799999237060549,"y":0.0,"z":1.4500000476837159},"rotation":{"x":0.05449565127491951,"y":0.6730318069458008,"z":-0.050121694803237918,"w":0.7360325455665588},"size":2.3334529399871828,"orthographic":false}