{"cameraMode":{"drawMode":0,"name":"Shaded","section":"Shading Mode"},"sceneLighting":false,"audioPlay":false,"sceneViewState":{"showFog":true,"showMaterialUpdate":true,"showSkybox":false,"showFlares":true,"showImageEffects":true,"showParticleSystems":true},"in2DMode":false,"pivot":{"x":-3.475493907928467,"y":3.4462459087371828,"z":1.3008623123168946},"rotation":{"x":0.13438378274440766,"y":0.865501344203949,"z":-0.33321481943130495,"w":0.349107950925827},"size":8.044137954711914,"orthographic":false}